,attraction_urls
0,https://www.tripadvisor.in/Attraction_Review-g297684-d325089-Reviews-Bara_Imambara-Lucknow_Lucknow_District_Uttar_Pradesh.html
1,https://www.tripadvisor.in/Attraction_Review-g297684-d8870471-Reviews-Janeshwar_Mishra_Park-Lucknow_Lucknow_District_Uttar_Pradesh.html
2,https://www.tripadvisor.in/Attraction_Review-g297684-d3831406-Reviews-Hazratganj-Lucknow_Lucknow_District_Uttar_Pradesh.html
3,https://www.tripadvisor.in/Attraction_Review-g297684-d555319-Reviews-The_Residency-Lucknow_Lucknow_District_Uttar_Pradesh.html
4,https://www.tripadvisor.in/Attraction_Review-g297684-d2445127-Reviews-La_Martiniere_College-Lucknow_Lucknow_District_Uttar_Pradesh.html
5,https://www.tripadvisor.in/Attraction_Review-g297684-d3705084-Reviews-Rumi_Darwaza-Lucknow_Lucknow_District_Uttar_Pradesh.html
6,https://www.tripadvisor.in/Attraction_Review-g297684-d2469719-Reviews-Chandrika_Devi_Temple-Lucknow_Lucknow_District_Uttar_Pradesh.html
7,https://www.tripadvisor.in/Attraction_Review-g297684-d325084-Reviews-Chowk-Lucknow_Lucknow_District_Uttar_Pradesh.html
8,https://www.tripadvisor.in/Attraction_Review-g297684-d1220175-Reviews-Nawab_Wajid_Ali_Shah_Zoological_Garden-Lucknow_Lucknow_District_Uttar_Pradesh.html
9,https://www.tripadvisor.in/Attraction_Review-g297684-d4591433-Reviews-Ambedkar_Memorial_Park-Lucknow_Lucknow_District_Uttar_Pradesh.html
10,https://www.tripadvisor.in/Attraction_Review-g297684-d2442504-Reviews-Mankameshwar_Mandir-Lucknow_Lucknow_District_Uttar_Pradesh.html
11,https://www.tripadvisor.in/Attraction_Review-g297684-d2711412-Reviews-Chhota_Imambara-Lucknow_Lucknow_District_Uttar_Pradesh.html
12,https://www.tripadvisor.in/Attraction_Review-g297684-d12982457-Reviews-Ada_Chikan-Lucknow_Lucknow_District_Uttar_Pradesh.html
13,https://www.tripadvisor.in/Attraction_Review-g297684-d325081-Reviews-Constantia_House-Lucknow_Lucknow_District_Uttar_Pradesh.html
14,https://www.tripadvisor.in/Attraction_Review-g297684-d13559088-Reviews-Gomti_Riverfront_Park-Lucknow_Lucknow_District_Uttar_Pradesh.html
15,https://www.tripadvisor.in/Attraction_Review-g297684-d325082-Reviews-Aminabad-Lucknow_Lucknow_District_Uttar_Pradesh.html
16,https://www.tripadvisor.in/Attraction_Review-g297684-d1204441-Reviews-Chakra_Tirth_Temple-Lucknow_Lucknow_District_Uttar_Pradesh.html
17,https://www.tripadvisor.in/Attraction_Review-g297684-d4088443-Reviews-Moti_Mahal-Lucknow_Lucknow_District_Uttar_Pradesh.html
18,https://www.tripadvisor.in/Attraction_Review-g297684-d2490287-Reviews-St_Joseph_s_Cathedral-Lucknow_Lucknow_District_Uttar_Pradesh.html
19,https://www.tripadvisor.in/Attraction_Review-g297684-d6496395-Reviews-Fun_Republic_Mall-Lucknow_Lucknow_District_Uttar_Pradesh.html
20,https://www.tripadvisor.in/Attraction_Review-g297684-d2711424-Reviews-Vidhan_Sabha_Bhawan_Council_House-Lucknow_Lucknow_District_Uttar_Pradesh.html
21,https://www.tripadvisor.in/Attraction_Review-g297684-d3207738-Reviews-Husainabad_Clock_Tower-Lucknow_Lucknow_District_Uttar_Pradesh.html
22,https://www.tripadvisor.in/Attraction_Review-g297684-d325085-Reviews-Shah_Najaf_Imambara-Lucknow_Lucknow_District_Uttar_Pradesh.html
23,https://www.tripadvisor.in/Attraction_Review-g297684-d5782303-Reviews-Lucknow_University-Lucknow_Lucknow_District_Uttar_Pradesh.html
24,https://www.tripadvisor.in/Attraction_Review-g297684-d13375973-Reviews-Phoenix_United_Mall-Lucknow_Lucknow_District_Uttar_Pradesh.html
25,https://www.tripadvisor.in/Attraction_Review-g297684-d4088957-Reviews-Ramakrishna_Math-Lucknow_Lucknow_District_Uttar_Pradesh.html
26,https://www.tripadvisor.in/Attraction_Review-g297684-d12919650-Reviews-Dr_Ram_Manohar_Lohia_Park-Lucknow_Lucknow_District_Uttar_Pradesh.html
27,https://www.tripadvisor.in/Attraction_Review-g297684-d3187359-Reviews-Dilkusha_Kothi_Palace-Lucknow_Lucknow_District_Uttar_Pradesh.html
28,https://www.tripadvisor.in/Attraction_Review-g297684-d5782304-Reviews-K_D_Singh_Babu_Stadium-Lucknow_Lucknow_District_Uttar_Pradesh.html
29,https://www.tripadvisor.in/Attraction_Review-g297684-d325088-Reviews-Begum_Hazrat_Mahal_Park-Lucknow_Lucknow_District_Uttar_Pradesh.html
30,https://www.tripadvisor.in/Attraction_Review-g297684-d6500637-Reviews-Amrapali_Water_Park-Lucknow_Lucknow_District_Uttar_Pradesh.html
31,https://www.tripadvisor.in/Attraction_Review-g297684-d2649382-Reviews-Gautam_Buddha_Park-Lucknow_Lucknow_District_Uttar_Pradesh.html
32,https://www.tripadvisor.in/Attraction_Review-g297684-d3269701-Reviews-Kaiserbagh_Palace-Lucknow_Lucknow_District_Uttar_Pradesh.html
33,https://www.tripadvisor.in/Attraction_Review-g297684-d6580987-Reviews-Indira_Gandhi_Planetarium-Lucknow_Lucknow_District_Uttar_Pradesh.html
34,https://www.tripadvisor.in/Attraction_Review-g297684-d9999113-Reviews-Botanical_Gardens-Lucknow_Lucknow_District_Uttar_Pradesh.html
35,https://www.tripadvisor.in/Attraction_Review-g297684-d4088749-Reviews-Kukrail_Forest_Reserve-Lucknow_Lucknow_District_Uttar_Pradesh.html
36,https://www.tripadvisor.in/Attraction_Review-g297684-d4088651-Reviews-1857_Memorial_Museum-Lucknow_Lucknow_District_Uttar_Pradesh.html
37,https://www.tripadvisor.in/Attraction_Review-g297684-d6961762-Reviews-Anandi_Water_Park-Lucknow_Lucknow_District_Uttar_Pradesh.html
38,https://www.tripadvisor.in/Attraction_Review-g297684-d9727966-Reviews-Sri_Sri_Radha_Raman_Bihari_Ji_Mandir-Lucknow_Lucknow_District_Uttar_Pradesh.html
39,https://www.tripadvisor.in/Attraction_Review-g297684-d3705157-Reviews-Satkhanda-Lucknow_Lucknow_District_Uttar_Pradesh.html
40,https://www.tripadvisor.in/Attraction_Review-g297684-d3268163-Reviews-Juma_Masjid-Lucknow_Lucknow_District_Uttar_Pradesh.html
41,https://www.tripadvisor.in/Attraction_Review-g297684-d23032828-Reviews-The_Creators_Cricket_Club_Ground-Lucknow_Lucknow_District_Uttar_Pradesh.html
42,https://www.tripadvisor.in/Attraction_Review-g297684-d12634544-Reviews-Lucknow-Lucknow_Lucknow_District_Uttar_Pradesh.html
43,https://www.tripadvisor.in/Attraction_Review-g297684-d6496398-Reviews-East_End_Mall-Lucknow_Lucknow_District_Uttar_Pradesh.html
44,https://www.tripadvisor.in/Attraction_Review-g297684-d5782299-Reviews-Christ_Church-Lucknow_Lucknow_District_Uttar_Pradesh.html
45,https://www.tripadvisor.in/Attraction_Review-g297684-d10837247-Reviews-Dream_World_Amusement_Park-Lucknow_Lucknow_District_Uttar_Pradesh.html
46,https://www.tripadvisor.in/Attraction_Review-g297684-d9809937-Reviews-Hussainabad_Picture_Gallery-Lucknow_Lucknow_District_Uttar_Pradesh.html
47,https://www.tripadvisor.in/Attraction_Review-g297684-d2711415-Reviews-Colvin_Taluqdars_College-Lucknow_Lucknow_District_Uttar_Pradesh.html
48,https://www.tripadvisor.in/Attraction_Review-g297684-d15264535-Reviews-The_Residency-Lucknow_Lucknow_District_Uttar_Pradesh.html
49,https://www.tripadvisor.in/Attraction_Review-g297684-d325086-Reviews-Chattar_Manzil-Lucknow_Lucknow_District_Uttar_Pradesh.html
50,https://www.tripadvisor.in/Attraction_Review-g297684-d12736446-Reviews-One_Awadh_Center-Lucknow_Lucknow_District_Uttar_Pradesh.html
51,https://www.tripadvisor.in/Attraction_Review-g297684-d10458977-Reviews-Dream_World_Water_Park-Lucknow_Lucknow_District_Uttar_Pradesh.html
52,https://www.tripadvisor.in/Attraction_Review-g297684-d5782295-Reviews-Victoria_Memorial-Lucknow_Lucknow_District_Uttar_Pradesh.html
53,https://www.tripadvisor.in/Attraction_Review-g297684-d3913360-Reviews-Aurangzeb_s_Mosque-Lucknow_Lucknow_District_Uttar_Pradesh.html
54,https://www.tripadvisor.in/Attraction_Review-g297684-d13217169-Reviews-Budheshwar_Mahadev_Temple-Lucknow_Lucknow_District_Uttar_Pradesh.html
55,https://www.tripadvisor.in/Attraction_Review-g297684-d8678331-Reviews-Ganga_Aquarium-Lucknow_Lucknow_District_Uttar_Pradesh.html
56,https://www.tripadvisor.in/Attraction_Review-g297684-d4088683-Reviews-Shaheed_Smarak-Lucknow_Lucknow_District_Uttar_Pradesh.html
57,https://www.tripadvisor.in/Attraction_Review-g297684-d23996667-Reviews-Opulence_Perfumery-Lucknow_Lucknow_District_Uttar_Pradesh.html
58,https://www.tripadvisor.in/Attraction_Review-g297684-d16700618-Reviews-Musa_Bagh-Lucknow_Lucknow_District_Uttar_Pradesh.html
59,https://www.tripadvisor.in/Attraction_Review-g297684-d10862934-Reviews-Dream_World_Amusement_Park-Lucknow_Lucknow_District_Uttar_Pradesh.html
60,https://www.tripadvisor.in/Attraction_Review-g297684-d5788055-Reviews-Nawabganj_Wildlife_Sanctuary-Lucknow_Lucknow_District_Uttar_Pradesh.html
61,https://www.tripadvisor.in/Attraction_Review-g297684-d2711418-Reviews-Crocodile_Nursery-Lucknow_Lucknow_District_Uttar_Pradesh.html
62,https://www.tripadvisor.in/Attraction_Review-g297684-d3913120-Reviews-State_Museum-Lucknow_Lucknow_District_Uttar_Pradesh.html
63,https://www.tripadvisor.in/Attraction_Review-g297684-d15034115-Reviews-Regional_Science_City-Lucknow_Lucknow_District_Uttar_Pradesh.html
64,https://www.tripadvisor.in/Attraction_Review-g297684-d321253-Reviews-Main_Ghat-Lucknow_Lucknow_District_Uttar_Pradesh.html
65,https://www.tripadvisor.in/Attraction_Review-g297684-d5782300-Reviews-Butler_Palace-Lucknow_Lucknow_District_Uttar_Pradesh.html
66,https://www.tripadvisor.in/Attraction_Review-g297684-d6041473-Reviews-Vishal_Shopping_Mall-Lucknow_Lucknow_District_Uttar_Pradesh.html
67,https://www.tripadvisor.in/Attraction_Review-g297684-d12284097-Reviews-Habibullah_Estate-Lucknow_Lucknow_District_Uttar_Pradesh.html
68,https://www.tripadvisor.in/Attraction_Review-g297684-d5782301-Reviews-Bibiyapur_Kothi-Lucknow_Lucknow_District_Uttar_Pradesh.html
69,https://www.tripadvisor.in/Attraction_Review-g297684-d21260072-Reviews-Phoenix_Palassio-Lucknow_Lucknow_District_Uttar_Pradesh.html
70,https://www.tripadvisor.in/Attraction_Review-g297684-d5782286-Reviews-Dhyan_Chand_Astroturf_Stadium-Lucknow_Lucknow_District_Uttar_Pradesh.html
71,https://www.tripadvisor.in/Attraction_Review-g297684-d17708554-Reviews-Chandrashekhar_Azad_Park-Lucknow_Lucknow_District_Uttar_Pradesh.html
72,https://www.tripadvisor.in/Attraction_Review-g297684-d3705312-Reviews-Shivala_Ghat-Lucknow_Lucknow_District_Uttar_Pradesh.html
73,https://www.tripadvisor.in/Attraction_Review-g297684-d6496336-Reviews-Bal_Sangrahalaya-Lucknow_Lucknow_District_Uttar_Pradesh.html
74,https://www.tripadvisor.in/Attraction_Review-g297684-d325087-Reviews-Sikandar_Bagh-Lucknow_Lucknow_District_Uttar_Pradesh.html
75,https://www.tripadvisor.in/Attraction_Review-g297684-d24086183-Reviews-Emerald_Mall-Lucknow_Lucknow_District_Uttar_Pradesh.html
76,https://www.tripadvisor.in/Attraction_Review-g297684-d20329935-Reviews-Kalandi_Park-Lucknow_Lucknow_District_Uttar_Pradesh.html
77,https://www.tripadvisor.in/Attraction_Review-g297684-d6500981-Reviews-Lalit_Kala_Akademi-Lucknow_Lucknow_District_Uttar_Pradesh.html
78,https://www.tripadvisor.in/Attraction_Review-g297684-d15081081-Reviews-Kothi_Roshan_ud_Daula-Lucknow_Lucknow_District_Uttar_Pradesh.html
79,https://www.tripadvisor.in/Attraction_Review-g297684-d19275696-Reviews-Mystery_Rooms-Lucknow_Lucknow_District_Uttar_Pradesh.html
80,https://www.tripadvisor.in/Attraction_Review-g297684-d23498550-Reviews-Kakori_Shaheed_Smarak-Lucknow_Lucknow_District_Uttar_Pradesh.html
81,https://www.tripadvisor.in/Attraction_Review-g297684-d24905233-Reviews-Anandi_Magic_World-Lucknow_Lucknow_District_Uttar_Pradesh.html
82,https://www.tripadvisor.in/Attraction_Review-g297684-d19240960-Reviews-Statue_of_Equality-Lucknow_Lucknow_District_Uttar_Pradesh.html
83,https://www.tripadvisor.in/Attraction_Review-g297684-d12518592-Reviews-Museum_of_Socialism_Jayaprakash_Narayan-Lucknow_Lucknow_District_Uttar_Pradesh.html
84,https://www.tripadvisor.in/Attraction_Review-g297684-d5792099-Reviews-Kothi_Darshan_Vilas-Lucknow_Lucknow_District_Uttar_Pradesh.html
85,https://www.tripadvisor.in/Attraction_Review-g297684-d19057947-Reviews-Yahiyaganj_Gurudwara-Lucknow_Lucknow_District_Uttar_Pradesh.html
86,https://www.tripadvisor.in/Attraction_Review-g297684-d321266-Reviews-Dahas_Ghat-Lucknow_Lucknow_District_Uttar_Pradesh.html
87,https://www.tripadvisor.in/Attraction_Review-g297684-d4088439-Reviews-Taluqdar_Hall-Lucknow_Lucknow_District_Uttar_Pradesh.html
88,https://www.tripadvisor.in/Attraction_Review-g297684-d3705547-Reviews-Taal_Katore_ki_Karbala-Lucknow_Lucknow_District_Uttar_Pradesh.html
89,https://www.tripadvisor.in/Attraction_Review-g297684-d5782302-Reviews-Khurshid_Manzil-Lucknow_Lucknow_District_Uttar_Pradesh.html
90,https://www.tripadvisor.in/Attraction_Review-g297684-d3187819-Reviews-Farangi_Mahal_Islamic_Centre_of_India-Lucknow_Lucknow_District_Uttar_Pradesh.html
91,https://www.tripadvisor.in/Attraction_Review-g297684-d19578446-Reviews-Ekana_Cricket_Stadium-Lucknow_Lucknow_District_Uttar_Pradesh.html
92,https://www.tripadvisor.in/Attraction_Review-g297684-d14088563-Reviews-Sugandhco-Lucknow_Lucknow_District_Uttar_Pradesh.html
93,https://www.tripadvisor.in/Attraction_Review-g297684-d18367999-Reviews-Ghantaghar-Lucknow_Lucknow_District_Uttar_Pradesh.html
94,https://www.tripadvisor.in/Attraction_Review-g297684-d24754831-Reviews-Mj_Funcity_Water_Park_Resort-Lucknow_Lucknow_District_Uttar_Pradesh.html
95,https://www.tripadvisor.in/Attraction_Review-g297684-d20373685-Reviews-Cliniva_Wellness-Lucknow_Lucknow_District_Uttar_Pradesh.html
96,https://www.tripadvisor.in/Attraction_Review-g297684-d23033341-Reviews-The_Creators_Cricket_Club_Ground-Lucknow_Lucknow_District_Uttar_Pradesh.html
97,https://www.tripadvisor.in/Attraction_Review-g297684-d24166681-Reviews-Palate_24x7_Super_Store-Lucknow_Lucknow_District_Uttar_Pradesh.html
98,https://www.tripadvisor.in/Attraction_Review-g297684-d12098658-Reviews-Singapore_Mall-Lucknow_Lucknow_District_Uttar_Pradesh.html
99,https://www.tripadvisor.in/Attraction_Review-g297684-d5782290-Reviews-Council_House-Lucknow_Lucknow_District_Uttar_Pradesh.html
100,https://www.tripadvisor.in/Attraction_Review-g297684-d25069389-Reviews-Lucknow_Metro_Railway-Lucknow_Lucknow_District_Uttar_Pradesh.html
101,https://www.tripadvisor.in/Attraction_Review-g297684-d6500835-Reviews-Wave_Cinemas-Lucknow_Lucknow_District_Uttar_Pradesh.html
102,https://www.tripadvisor.in/Attraction_Review-g297684-d6500831-Reviews-SRS_Cinemas-Lucknow_Lucknow_District_Uttar_Pradesh.html
103,https://www.tripadvisor.in/Attraction_Review-g297684-d16693039-Reviews-Nafasat_Chikan-Lucknow_Lucknow_District_Uttar_Pradesh.html
104,https://www.tripadvisor.in/Attraction_Review-g297684-d17660558-Reviews-Mayoori_Sarees-Lucknow_Lucknow_District_Uttar_Pradesh.html
105,https://www.tripadvisor.in/Attraction_Review-g297684-d13137383-Reviews-Kaarigari-Lucknow_Lucknow_District_Uttar_Pradesh.html
106,https://www.tripadvisor.in/Attraction_Review-g297684-d21278635-Reviews-Lhasa_Spa_Lucknow-Lucknow_Lucknow_District_Uttar_Pradesh.html
107,https://www.tripadvisor.in/Attraction_Review-g297684-d6496464-Reviews-Bhootnath_Market-Lucknow_Lucknow_District_Uttar_Pradesh.html
108,https://www.tripadvisor.in/Attraction_Review-g297684-d19502228-Reviews-Jagran_Party-Lucknow_Lucknow_District_Uttar_Pradesh.html
109,https://www.tripadvisor.in/Attraction_Review-g297684-d4362751-Reviews-Wave-Lucknow_Lucknow_District_Uttar_Pradesh.html
110,https://www.tripadvisor.in/Attraction_Review-g297684-d3207786-Reviews-Tornos_India-Lucknow_Lucknow_District_Uttar_Pradesh.html
111,https://www.tripadvisor.in/Attraction_Review-g297684-d6496454-Reviews-Halwasiya_Market-Lucknow_Lucknow_District_Uttar_Pradesh.html
112,https://www.tripadvisor.in/Attraction_Review-g297684-d7398023-Reviews-Lucknow_Golf_Club-Lucknow_Lucknow_District_Uttar_Pradesh.html
113,https://www.tripadvisor.in/Attraction_Review-g297684-d15065483-Reviews-Yatri_Car_Rental-Lucknow_Lucknow_District_Uttar_Pradesh.html
114,https://www.tripadvisor.in/Attraction_Review-g297684-d23717083-Reviews-Travel_Bureau_Lucknow-Lucknow_Lucknow_District_Uttar_Pradesh.html
115,https://www.tripadvisor.in/Attraction_Review-g297684-d15690638-Reviews-Universal_Booksellers-Lucknow_Lucknow_District_Uttar_Pradesh.html
116,https://www.tripadvisor.in/Attraction_Review-g297684-d13167010-Reviews-Authenticook-Lucknow_Lucknow_District_Uttar_Pradesh.html
117,https://www.tripadvisor.in/Attraction_Review-g297684-d6556823-Reviews-Lucknow_Heritage_Walk-Lucknow_Lucknow_District_Uttar_Pradesh.html
118,https://www.tripadvisor.in/Attraction_Review-g297684-d3736386-Reviews-Tornos-Lucknow_Lucknow_District_Uttar_Pradesh.html
119,https://www.tripadvisor.in/Attraction_Review-g297684-d13108205-Reviews-Bhairvi_s_Chikan-Lucknow_Lucknow_District_Uttar_Pradesh.html
120,https://www.tripadvisor.in/Attraction_Review-g297684-d4841642-Reviews-Seva_Chikan-Lucknow_Lucknow_District_Uttar_Pradesh.html
121,https://www.tripadvisor.in/Attraction_Review-g297684-d23142415-Reviews-A_stheva_Wellness_centre-Lucknow_Lucknow_District_Uttar_Pradesh.html
122,https://www.tripadvisor.in/Attraction_Review-g297684-d24990982-Reviews-Skyjumper_Trampoline_Park-Lucknow_Lucknow_District_Uttar_Pradesh.html
123,https://www.tripadvisor.in/Attraction_Review-g297684-d23097801-Reviews-Royal_Chikan_Palace-Lucknow_Lucknow_District_Uttar_Pradesh.html
124,https://www.tripadvisor.in/Attraction_Review-g297684-d19503851-Reviews-Khadi_Weavers-Lucknow_Lucknow_District_Uttar_Pradesh.html
125,https://www.tripadvisor.in/Attraction_Review-g297684-d12005861-Reviews-Bharat_Taxi-Lucknow_Lucknow_District_Uttar_Pradesh.html
126,https://www.tripadvisor.in/Attraction_Review-g297684-d14158552-Reviews-Aman_Mathur_Fashion_House-Lucknow_Lucknow_District_Uttar_Pradesh.html
127,https://www.tripadvisor.in/Attraction_Review-g297684-d23779488-Reviews-Timezone-Lucknow_Lucknow_District_Uttar_Pradesh.html
128,https://www.tripadvisor.in/Attraction_Review-g297684-d13908502-Reviews-GMT_Music-Lucknow_Lucknow_District_Uttar_Pradesh.html
129,https://www.tripadvisor.in/Attraction_Review-g297684-d20264028-Reviews-Tattva_Spa-Lucknow_Lucknow_District_Uttar_Pradesh.html
130,https://www.tripadvisor.in/Attraction_Review-g297684-d23820349-Reviews-Nk_Cinemas-Lucknow_Lucknow_District_Uttar_Pradesh.html
131,https://www.tripadvisor.in/Attraction_Review-g297684-d19730033-Reviews-Zivaya_Spa-Lucknow_Lucknow_District_Uttar_Pradesh.html
132,https://www.tripadvisor.in/Attraction_Review-g297684-d16857945-Reviews-Nazrana_Chikan-Lucknow_Lucknow_District_Uttar_Pradesh.html
133,https://www.tripadvisor.in/Attraction_Review-g297684-d18799787-Reviews-RT_Chocos-Lucknow_Lucknow_District_Uttar_Pradesh.html
134,https://www.tripadvisor.in/Attraction_Review-g297684-d17712925-Reviews-Meena_Sharma-Lucknow_Lucknow_District_Uttar_Pradesh.html
135,https://www.tripadvisor.in/Attraction_Review-g297684-d25000730-Reviews-The_Lockdown_Eacape_Room-Lucknow_Lucknow_District_Uttar_Pradesh.html
136,https://www.tripadvisor.in/Attraction_Review-g297684-d24989831-Reviews-Kai_World_Spa_Lucknow-Lucknow_Lucknow_District_Uttar_Pradesh.html
137,https://www.tripadvisor.in/Attraction_Review-g297684-d24842050-Reviews-Let_s_Relax_Spa-Lucknow_Lucknow_District_Uttar_Pradesh.html
138,https://www.tripadvisor.in/Attraction_Review-g297684-d23519816-Reviews-SpaSenses-Lucknow_Lucknow_District_Uttar_Pradesh.html
139,https://www.tripadvisor.in/Attraction_Review-g297684-d17780890-Reviews-Pankaj_Bhadouria_Culinary_Academy-Lucknow_Lucknow_District_Uttar_Pradesh.html
140,https://www.tripadvisor.in/Attraction_Review-g297684-d23959999-Reviews-Charbagh_lucknow_Junction-Lucknow_Lucknow_District_Uttar_Pradesh.html
141,https://www.tripadvisor.in/Attraction_Review-g297684-d17792378-Reviews-Saman-Lucknow_Lucknow_District_Uttar_Pradesh.html
142,https://www.tripadvisor.in/Attraction_Review-g297684-d23243659-Reviews-Aykez_Chikankari-Lucknow_Lucknow_District_Uttar_Pradesh.html
143,https://www.tripadvisor.in/Attraction_Review-g297684-d23192719-Reviews-Kabir_Unisex_Sakon_Academy-Lucknow_Lucknow_District_Uttar_Pradesh.html
144,https://www.tripadvisor.in/Attraction_Review-g297684-d17701539-Reviews-Mayoori_Sarees-Lucknow_Lucknow_District_Uttar_Pradesh.html
145,https://www.tripadvisor.in/Attraction_Review-g297684-d15359561-Reviews-Vijay_Taxi_Service-Lucknow_Lucknow_District_Uttar_Pradesh.html
146,https://www.tripadvisor.in/Attraction_Review-g297684-d15948269-Reviews-The_Vault_Disc_Lounge-Lucknow_Lucknow_District_Uttar_Pradesh.html
147,https://www.tripadvisor.in/Attraction_Review-g297684-d20958399-Reviews-Cheapest_Cars_In_Lucknow-Lucknow_Lucknow_District_Uttar_Pradesh.html
148,https://www.tripadvisor.in/Attraction_Review-g297684-d15313453-Reviews-Lucknow_City_Tours_Trips_To_Take-Lucknow_Lucknow_District_Uttar_Pradesh.html
149,https://www.tripadvisor.in/Attraction_Review-g297684-d24839949-Reviews-Arunveda-Lucknow_Lucknow_District_Uttar_Pradesh.html
150,https://www.tripadvisor.in/Attraction_Review-g297684-d20222525-Reviews-Cyberq-Lucknow_Lucknow_District_Uttar_Pradesh.html
151,https://www.tripadvisor.in/Attraction_Review-g297684-d17766580-Reviews-Roobaroo_Walks-Lucknow_Lucknow_District_Uttar_Pradesh.html
152,https://www.tripadvisor.in/Attraction_Review-g297684-d25233489-Reviews-Fragrantors_Aroma_Lab_P_Ltd-Lucknow_Lucknow_District_Uttar_Pradesh.html
153,https://www.tripadvisor.in/Attraction_Review-g297684-d21193028-Reviews-Yo_Tours_Lucknow-Lucknow_Lucknow_District_Uttar_Pradesh.html
154,https://www.tripadvisor.in/Attraction_Review-g297684-d23552141-Reviews-Savaari_Car_Rentals-Lucknow_Lucknow_District_Uttar_Pradesh.html
155,https://www.tripadvisor.in/Attraction_Review-g297684-d23943352-Reviews-Solo_Cabs-Lucknow_Lucknow_District_Uttar_Pradesh.html
156,https://www.tripadvisor.in/Attraction_Review-g297684-d17383823-Reviews-Musafircab-Lucknow_Lucknow_District_Uttar_Pradesh.html
157,https://www.tripadvisor.in/Attraction_Review-g297684-d23648677-Reviews-Deep_Dive_India-Lucknow_Lucknow_District_Uttar_Pradesh.html
158,https://www.tripadvisor.in/Attraction_Review-g297684-d11698462-Reviews-Meri_Outings-Lucknow_Lucknow_District_Uttar_Pradesh.html
159,https://www.tripadvisor.in/Attraction_Review-g297684-d16750323-Reviews-Phoenix_Inbound_Tours_Lucknow-Lucknow_Lucknow_District_Uttar_Pradesh.html
160,https://www.tripadvisor.in/Attraction_Review-g297684-d20805337-Reviews-Kailash_Mansarovar_Yatra-Lucknow_Lucknow_District_Uttar_Pradesh.html
161,https://www.tripadvisor.in/Attraction_Review-g297684-d23541373-Reviews-Arsh_Chikankari-Lucknow_Lucknow_District_Uttar_Pradesh.html
162,https://www.tripadvisor.in/Attraction_Review-g297684-d23731133-Reviews-Deep_Dive-Lucknow_Lucknow_District_Uttar_Pradesh.html
163,https://www.tripadvisor.in/Attraction_Review-g297684-d17585340-Reviews-Sudhanshu_vikram_singh-Lucknow_Lucknow_District_Uttar_Pradesh.html
164,https://www.tripadvisor.in/Attraction_Review-g297684-d23969203-Reviews-Fly_India_Trip-Lucknow_Lucknow_District_Uttar_Pradesh.html
165,https://www.tripadvisor.in/Attraction_Review-g297684-d24837775-Reviews-Rayhan_Holidays_LLP-Lucknow_Lucknow_District_Uttar_Pradesh.html
166,https://www.tripadvisor.in/Attraction_Review-g297684-d23961464-Reviews-Lucknow_Food_Tour-Lucknow_Lucknow_District_Uttar_Pradesh.html
167,https://www.tripadvisor.in/Attraction_Review-g297684-d20221778-Reviews-Prompt_1-Lucknow_Lucknow_District_Uttar_Pradesh.html
168,https://www.tripadvisor.in/Attraction_Review-g297684-d17582937-Reviews-Sudhanshu_vikram-Lucknow_Lucknow_District_Uttar_Pradesh.html
169,https://www.tripadvisor.in/Attraction_Review-g297684-d19804883-Reviews-Gandharva_Dubey-Lucknow_Lucknow_District_Uttar_Pradesh.html
170,https://www.tripadvisor.in/Attraction_Review-g297684-d17736577-Reviews-Vishal_Nigam-Lucknow_Lucknow_District_Uttar_Pradesh.html
171,https://www.tripadvisor.in/Attraction_Review-g297684-d25263378-Reviews-GST_Holidays_Tours-Lucknow_Lucknow_District_Uttar_Pradesh.html
